feature,coefficient,abs_coefficient
num__review_recency_days,3.847824255927743,3.847824255927743
cat__host_identity_verified_True,-2.934914090177862,2.934914090177862
cat__host_identity_verified_bool_True,-2.9349140901778616,2.9349140901778616
num__number_of_reviews,-2.889544378602181,2.889544378602181
num__observed_reviews,-2.889544378602181,2.889544378602181
cat__host_is_superhost_bool_True,-1.8858757689071584,1.8858757689071584
cat__host_is_superhost_True,-1.8858757689071584,1.8858757689071584
cat__market_label_Asheville,-1.2595528387392323,1.2595528387392323
num__availability_365,1.1840240385927183,1.1840240385927183
num__review_scores_rating,-1.0416132098118838,1.0416132098118838
cat__property_type_Private room in bed and breakfast,-1.0104097978879645,1.0104097978879645
cat__market_label_Tokyo,-1.0020271466508996,1.0020271466508996
cat__country_Japan,-1.0020271466508996,1.0020271466508996
cat__market_label_New Orleans,0.9408463399119755,0.9408463399119755
cat__room_type_Hotel room,-0.9338251671801087,0.9338251671801087
cat__property_type_Room in boutique hotel,0.9290395838551763,0.9290395838551763
cat__host_is_superhost_bool_False,-0.921531831010363,0.921531831010363
cat__neighbourhood_cleansed_Ota Ku,-0.9063238185059714,0.9063238185059714
cat__property_type_Entire cottage,-0.8548759887345619,0.8548759887345619
cat__room_type_Entire home/apt,-0.8204932143551759,0.8204932143551759
num__description_length,-0.8200969786820203,0.8200969786820203
cat__country_Mexico,-0.791344812802289,0.791344812802289
cat__market_label_Mexico City,-0.791344812802289,0.791344812802289
cat__property_type_Private room in hostel,-0.7795442217992904,0.7795442217992904
cat__room_type_Shared room,-0.7151966329949708,0.7151966329949708
cat__property_type_Entire serviced apartment,0.6968658087779863,0.6968658087779863
cat__country_Brazil,-0.6757383609607718,0.6757383609607718
cat__market_label_Rio de Janeiro,-0.6757383609607718,0.6757383609607718
cat__property_type_Room in aparthotel,0.6480955406762804,0.6480955406762804
cat__host_is_superhost_False,-0.6430091770099262,0.6430091770099262
cat__property_type_Private room in home,-0.5974735157521114,0.5974735157521114
cat__neighbourhood_cleansed_Roses,0.5839982035930462,0.5839982035930462
cat__property_type_Entire guesthouse,-0.5336200625596035,0.5336200625596035
cat__property_type_Private room in condo,-0.511790984390221,0.511790984390221
cat__neighbourhood_cleansed_Sumida Ku,-0.4792722451505505,0.4792722451505505
cat__property_type_Private room in casa particular,0.4780968625412894,0.4780968625412894
cat__neighbourhood_cleansed_Recreio dos Bandeirantes,-0.4701556245001913,0.4701556245001913
cat__property_type_Private room in serviced apartment,0.46188648089749373,0.46188648089749373
cat__neighbourhood_cleansed_Santa Teresa,-0.4408818491860887,0.4408818491860887
cat__neighbourhood_cleansed_Centro,-0.41666044401639746,0.41666044401639746
cat__neighbourhood_cleansed_el Raval,0.40691582394302817,0.40691582394302817
cat__neighbourhood_cleansed_Shibuya Ku,0.4012660784302097,0.4012660784302097
num__host_response_rate,-0.3703357899766453,0.3703357899766453
cat__neighbourhood_cleansed_Lloret de Mar,-0.3686796264384084,0.3686796264384084
cat__property_type_Private room in rental unit,-0.3657352139893169,0.3657352139893169
cat__neighbourhood_cleansed_Copacabana,-0.36467905520705574,0.36467905520705574
cat__neighbourhood_cleansed_Cuauhtémoc,-0.3604448240006486,0.3604448240006486
cat__room_type_Private room,-0.3378925853887499,0.3378925853887499
cat__neighbourhood_cleansed_Jacarepaguá,-0.33296667469710517,0.33296667469710517
cat__property_type_Shared room in hostel,-0.3318703496727928,0.3318703496727928
cat__country_United States,-0.318706498827246,0.318706498827246
cat__property_type_Entire rental unit,-0.3024341859410301,0.3024341859410301
num__host_acceptance_rate,-0.28357997197566986,0.28357997197566986
cat__neighbourhood_cleansed_Botafogo,-0.2821055499153453,0.2821055499153453
num__accommodates,0.28026112198707925,0.28026112198707925
cat__host_is_superhost_Missing,-0.2785226540073262,0.2785226540073262
cat__property_type_Private room in guesthouse,0.27257082256423776,0.27257082256423776
cat__property_type_Entire villa,-0.2199716528500178,0.2199716528500178
cat__market_label_Girona / Costa Brava,-0.21778404180439268,0.21778404180439268
cat__neighbourhood_cleansed_Minato Ku,-0.2164634412322311,0.2164634412322311
cat__property_type_Room in hotel,0.21558365065740334,0.21558365065740334
cat__property_type_Entire condo,-0.20836742046701612,0.20836742046701612
cat__market_label_Barcelona,0.19819326111567084,0.19819326111567084
cat__neighbourhood_cleansed_Barra da Tijuca,0.18608257930135538,0.18608257930135538
num__price,0.17221519841123414,0.17221519841123414
cat__neighbourhood_cleansed_Coyoacán,0.16273043310874413,0.16273043310874413
cat__property_type_Other,-0.15967290941040285,0.15967290941040285
cat__neighbourhood_cleansed_Benito Juárez,0.1586654439240821,0.1586654439240821
cat__property_type_Private room in guest suite,-0.1488579592731125,0.1488579592731125
cat__neighbourhood_cleansed_Ipanema,-0.14452730285222265,0.14452730285222265
num__price_per_accommodates,-0.13698431314983386,0.13698431314983386
cat__host_identity_verified_bool_False,0.1275064902669001,0.1275064902669001
cat__neighbourhood_cleansed_Castelló d'Empúries,0.11950195098101861,0.11950195098101861
cat__neighbourhood_cleansed_Taito Ku,-0.11803439765243415,0.11803439765243415
cat__property_type_Tiny home,-0.11802392006374426,0.11802392006374426
cat__property_type_Entire loft,-0.1165021807683494,0.1165021807683494
num__latitude,0.11209204634640557,0.11209204634640557
cat__property_type_Entire townhouse,-0.11066518242887678,0.11066518242887678
cat__neighbourhood_cleansed_la Dreta de l'Eixample,-0.10630045327912133,0.10630045327912133
cat__host_identity_verified_False,0.10525295031561141,0.10525295031561141
cat__neighbourhood_cleansed_Toshima Ku,0.08971094764136169,0.08971094764136169
cat__neighbourhood_cleansed_Leblon,0.08417551436585931,0.08417551436585931
num__maximum_nights,-0.08249421375997991,0.08249421375997991
num__minimum_nights,0.07924232312278032,0.07924232312278032
num__bedrooms,0.07923556818108717,0.07923556818108717
cat__neighbourhood_cleansed_Other,-0.06717175955008611,0.06717175955008611
num__host_tenure_days,0.06699369624621862,0.06699369624621862
num__bathrooms,-0.06220328519035253,0.06220328519035253
cat__property_type_Shared room in rental unit,-0.059321917013773984,0.059321917013773984
num__reviews_per_month,0.05683271295023529,0.05683271295023529
num__name_length,-0.054354004211466335,0.054354004211466335
cat__neighbourhood_cleansed_Shinjuku Ku,0.05293989658966247,0.05293989658966247
cat__property_type_Entire home,-0.04118813962071076,0.04118813962071076
cat__property_type_Entire guest suite,-0.03922074727175409,0.03922074727175409
cat__host_identity_verified_Missing,0.022253539951293557,0.022253539951293557
cat__neighbourhood_cleansed_Miguel Hidalgo,0.021272594376149694,0.021272594376149694
cat__country_Spain,-0.019590780689165862,0.019590780689165862
num__longitude,-0.017214442617675903,0.017214442617675903
num__beds,0.008226175287107269,0.008226175287107269
